mean_hr_post,rmssd_post,gsr_change_pct,delta_hr,mean_eeg_af7_post,participant_id,label
0.08939603385915688,0.0007116299600511411,0.06444989404144508,0.1552162126407211,-0.007200312162513001,P001,1
-0.02859287895335001,-0.02741369919203862,0.0381762188711491,-0.0059030918996541,-0.08772483766197184,P001,0
-0.03063865103840726,-0.03819371132585729,0.01692155660421122,-0.02930427484284337,-0.07444170782227957,P001,0
-0.025424850593572045,-0.01801910311469328,-0.007546537819780497,-0.04824158727556096,0.05028455636147555,P001,0
-0.018703448658834533,-0.03328461077671818,0.02329902098090315,0.056206331527209843,0.06830775198559422,P001,0
-0.035747609067493614,-0.018676480872363753,0.019361387245635343,-0.029852858605272557,-0.10408551929740498,P001,0
-0.027908881488565386,-0.03362376902186952,0.0084992452680126,-0.0006801261051350594,-0.14526948292696035,P001,0
0.0028128543959610396,-0.01498511029412839,0.014667182200537355,0.05929626047159218,0.1971840549927947,P001,1
-0.037837685116664944,-0.04231955396899138,0.029232927223756634,-0.03861606006471448,-0.1014492256149424,P001,0
-0.0016064417947745824,0.03284421453163304,0.041602949693788104,-0.005478259806159258,0.09772551299911356,P001,1
-0.03142374217541146,-0.04326525282976945,0.017697266889126696,-0.0534906346005755,-0.08401666669278711,P001,0
-0.027816231706037798,-0.014471154611601377,-0.031265000066241555,-0.05995552907738784,-0.10049990445249932,P001,0
-0.01899165088148038,0.019523233278914632,-0.03610365997169538,0.018097988555518897,-0.11531911908814436,P001,0
-0.025500604965145612,0.009919895259918122,-0.0172564965930178,-0.005615712709504806,-0.06977478746448469,P001,0
-0.00208759319384626,0.04039713841648336,-0.002701807229550468,0.026899104894118862,0.10569291409465223,P001,1
-0.022034945976884046,-0.03826990986967758,-0.021358137866809557,-0.06089671988243026,0.007237468326820817,P001,0
-0.021701018429212127,-0.004727230134358251,-0.03496668761895307,0.01580282514009923,-0.1402469472252051,P001,0
-0.040839623376996315,0.06347432548018332,-0.04059497146704416,-0.01805807573000493,-0.0364963806233618,P001,0
-0.05233935680871582,-0.028261896324875125,-0.031611412747315625,0.015586488465305592,0.045257130894970035,P001,0
-0.023036600675504816,-0.022644985581837317,-0.026964376391333644,-0.032329445770164965,0.0218049867231457,P001,0
-0.04129046686521178,-0.017017204023704834,-0.03785768352008745,-0.008734726239117663,0.05655986517249403,P001,0
-0.017543354249028198,-0.018044595546325582,-0.019657478096542037,0.015210497530142674,0.02210423763972358,P001,0
0.04481172537689417,-0.004014437409659876,0.0014354537356666697,0.06149369486638534,0.0944035036477544,P001,1
0.07271119877489127,0.08309454026048116,0.03554933661885116,0.12063177083207392,0.024793460874479933,P001,1
-0.0017789346232120807,0.016276227546450174,-0.016168759178799518,-0.10094998406725608,0.041425643010211385,P003,0
0.10261478205220556,0.057839164273991626,0.02677426436512178,0.026286153065075268,0.07207992193552855,P003,1
0.04856239530317907,-0.09541261681220022,-0.009425517269210103,0.013556029936580671,0.02956148553375897,P003,0
0.01771305269585355,-0.003732308664120865,0.022827071750725736,-0.04317899970635608,-0.09342328604561771,P003,0
0.006349026650877931,-0.0875666926078793,-0.005262169825346064,-0.06854700379985842,-0.06045139578263843,P003,0
0.012334693446337041,0.035658824615211415,0.052254193430962916,-0.0934155527421808,0.051863150773260716,P003,0
0.028645065923501533,-0.08095032470259866,-0.011106496412412525,-0.05998570329406903,0.025373297404894402,P003,0
0.09171557211648178,0.0349421935193277,0.058569584222095725,-0.016468542723168868,0.060363904255791564,P003,1
0.017074572798082954,-0.08297273361758925,-0.011530040390880458,-0.043866021021631244,0.026669918161496754,P003,0
0.05400564029532688,0.06564846272749492,0.07069708228391391,-0.02168257131684186,0.09529773941776512,P003,1
0.017536343748179205,-0.04174950137212363,0.008185369187685865,-0.030388315752088602,0.028809889261719946,P003,0
0.07911681756659164,0.04180487196017566,0.07176665917186256,0.012260593392034025,-0.0812426491494989,P003,1
0.051268877700749727,0.019054753131786128,0.045835318748959256,0.04862342813498799,-0.05406955139660567,P003,0
0.04048776128320242,-0.026708002812847555,0.033779329022036106,0.04262898125612082,0.08308880155054794,P003,0
0.06929782178904134,0.07606432904776739,0.0631315109978459,0.0670240429846217,0.08975017830243814,P003,1
0.07331934000249021,0.08381965088010475,0.0556509145131713,0.07495746669205801,0.09574328625776615,P003,1
0.06535123453234064,0.015029593159761134,0.05170723398741757,0.018857427483499122,0.10988834752288312,P003,1
0.06969152100173233,0.05802020588080268,0.07492839595215628,0.06763196809129113,0.10487443826359595,P003,1
0.06332598103763303,0.07624690253069275,0.070482812877799,0.058878833525113805,0.12058402480934091,P003,1
0.03543456328384309,0.011086554781195445,-0.03951625307377071,-0.017989308443770825,-0.1362471032907706,P003,0
0.039516611772614854,-0.06882814406808394,0.032900951007013644,-0.02020085317030862,-0.0709252905804533,P003,0
0.07293661073053954,0.05304398161606514,0.07799872401237735,0.060525107283638135,-0.05526913584290014,P003,1
0.03418892392169255,0.015287720924061433,-0.027369217477917117,0.0243788693938086,-0.13766964125461528,P003,0
0.028238738091704362,-0.0030918926490812737,-0.04429845373124408,-0.0252695960446772,-0.09818936030478653,P003,0
-0.024344948155248857,-0.03509748625801876,-0.06699437177280743,0.010213027990675982,-0.10005713093205486,P004,0
-0.05434118731182025,-0.024197420501968735,-0.06501396686244335,0.024329679417678562,0.08942894403162427,P004,0
-0.015005733913403674,-0.0351566641728823,-0.027680702098314212,-0.007897311928809358,0.04613186615497398,P004,0
-0.05316955774351299,-0.038418291074231094,-0.06472476888316123,0.01304438231795757,-0.10106468612011668,P004,0
-0.028419328052359562,-0.01340185978278896,-0.0518742644519989,-0.0018277874370596693,0.05926349648434552,P004,0
-0.009752520047823055,-0.005060636576945399,-0.06314962072274284,0.03839879782226489,0.11097477091134351,P004,0
-0.01821383666820111,-0.03720931000107157,-0.06400683461533845,-0.008358571890767053,0.05277104510150821,P004,0
-0.027537130911241547,-0.044057114581300995,-0.04291638391382548,-0.047074030356816364,-0.07755552386506678,P004,0
-0.013627434278805594,-0.037391965026381514,-0.061233434373116326,0.025963181410224932,0.10611735863622015,P004,0
-0.011473516937894602,-0.03384253723297661,-0.06318677033114,-0.07684910460475294,0.08135782853460113,P004,0
-0.011822705639224296,-0.010598078796101617,0.014303508758985117,0.05689746181215014,0.08583862433679315,P004,1
-0.003077395368836733,0.019723513671488037,-0.007645805169067899,0.05451010984816094,0.10480903940288044,P004,1
-0.022494537534021218,-0.0364242882783401,-0.04854951452216483,-0.022006087270256103,-0.11628732314593435,P004,0
-0.024555114633676565,-0.040286474615732,-0.06874789544704071,0.010565959498626399,-0.11529527884249546,P004,0
-0.03473319850390908,-0.034522559556353374,-0.06469113184098205,0.019858527442147535,-0.10675565640767673,P004,0
0.011004615040019417,0.011593069659556931,-0.013069577366695739,0.00503343480413605,0.12941844266770203,P004,1
0.002229796158917452,0.0056141911228223765,-8.626408880445524e-05,0.05897792294927058,0.17915313846096978,P004,1
0.01160055236568951,0.017991844842163117,0.007390688313626015,0.020427345909956783,0.08011990501163382,P004,1
0.021184093886859046,-0.01186314072137975,0.008067699981347686,0.02892980617189096,0.18209541604719562,P004,1
-0.017147840327288576,-0.025268689725908188,-0.024451578048956434,-0.009658681224664178,0.04634142669456196,P004,0
0.0017363375706736406,0.0040158306322155115,-0.01660706184529772,0.05656111941716517,0.1282668382371412,P004,1
-0.013806339425991609,-0.036232834710881436,-0.024239459082855318,-0.030095943458718466,-0.12763256297139378,P004,0
-0.02598739670147552,-0.04420060578140692,-0.040604496304649726,-0.04332265444904806,-0.08202375358096106,P004,0
-0.037835827652361334,-0.019583939680069308,-0.029767825424141848,0.005143638086929058,-0.1110358414222901,P005,0
-0.02169168865316351,0.09310990819440121,0.04950972026481395,0.03563319186514491,-0.010761783801808634,P005,1
-0.015960278058219046,0.002403878667291792,-0.005090916854260286,-0.03827497269003288,0.004005346274607291,P005,0
0.038394495748161714,0.012743428956946445,0.03037491596860491,0.06429093331462354,0.0823773082985099,P005,1
-0.05237544675101162,-0.023708769741369908,0.01992501445229209,0.019359946792155823,-0.11315994913720714,P005,0
-0.046490781182819775,-0.03326502563622853,-0.007217461834625283,-0.03897002895791957,-0.06649868995482393,P005,0
-0.05057338393389728,0.0025930781294846383,-0.018085682065157017,-0.028804179274493434,-0.11551021427039813,P005,0
-0.0002301113933299348,0.1065288900046653,0.04665866476566407,0.005775523897909807,0.00031852710417297204,P005,1
-0.07164338454845165,0.04466266153449396,0.005321391219558791,-0.03422054642719559,-0.063117600833084,P005,0
-0.07006824986151514,0.03270644432973313,0.006986778784585113,-0.035548595810678305,-0.0876239322150468,P005,0
0.00789270992750062,0.10264702740023494,-0.01846386420079398,0.016641337598912287,0.002747040438589465,P005,1
-0.004033877774691064,-0.017564826845864447,-0.0273524976491899,0.009988852221931665,-0.11147206269388335,P005,0
0.039301382813710005,0.07151971177372615,-0.00640179197098405,0.03698276876093587,-0.02309143854354261,P005,1
-0.0642151654034933,-0.01296405984357989,-0.022006811826076954,-0.014469521389628426,-0.11123931388474376,P005,0
-0.013881453829935709,0.0339391607466041,0.00886197625168279,-0.03970343750202119,-0.07406401526168338,P005,0
-0.015532319840258425,-0.014209405845576839,0.028153520208752524,-0.04028001642432173,-0.04923336783231207,P005,0
-0.0711351043587456,-0.01053346980461356,0.007204267896531747,-0.001517366336656778,-0.11211549027184446,P005,0
-0.03482961597064786,0.008195252830500977,0.0008370092029053921,0.007683058175234692,-0.08372180091437258,P005,0
-0.05459560187873649,-0.020498700978441774,-0.02199605555542803,-0.033725137000328684,0.03815593929739407,P005,0
-0.003283768073606552,-0.021753550446692315,-0.02910949552733655,-0.06580834336477892,0.005099822921329178,P005,0
-0.07417202697624817,-0.029541262789189206,0.0010948022266347834,-0.03168992397049806,-0.07689122396614038,P005,0
-0.07861853859585607,-0.0006822383005783194,0.005415586147955764,-0.024374597024097965,-0.1015498838606618,P005,0
-0.056716632802363165,-0.03398814862021027,-0.012410660350178659,0.03447055818569424,0.017596435414179722,P005,0
0.0009229077732470614,0.0933515637556411,0.06007538910648691,0.015156124726172494,0.014644178688467947,P005,1
