,LinAccMag_max_Mano,LinAccMag_std_Mano,GyroMag_max_Mano,GyroMag_std_Mano,Time_to_peak_Mano,TotalRotation_Mano,RotEnergy_Mano,LinAccMag_max_Antebrazo,LinAccMag_std_Antebrazo,GyroMag_max_Antebrazo,GyroMag_std_Antebrazo,Time_to_peak_Antebrazo,TotalRotation_Antebrazo,RotEnergy_Antebrazo,MaxRelRot_Mano_Antebrazo,Stability_Mano,TimePeakRot_Antebrazo,clase_Tiro
0,4.703612096057688,0.9323540649994456,997.1424516130346,177.29286321507877,0.61,1.0444288638461654,5.356436246567867,4.739240237695833,0.7160556610076547,526.8011581383794,118.69757251265517,0.4301,0.7890266628787934,3.4238814904612167,2.1948616077587557,0.5955691091617481,0.8101,0.0
1,6.219496240018777,1.2349624766332512,867.3887189268545,150.84225907747035,0.8901,1.3626595792606175,3.193258537736229,6.1156322690882,1.3478400601777663,869.9742361368914,146.00197700495502,0.95,0.632630060739276,1.0086711991214392,2.0884335146562925,0.5266802775910286,0.8,0.0
2,3.9352437891197516,0.6394874127617248,1073.0518769183175,166.3143970530751,0.82,1.1370260830911139,5.8102454808165795,4.292602876746575,0.695265308302806,517.4763498503632,112.8758541578044,1.13,1.003185227746072,2.5803527463522413,2.618438912626755,0.5584061099132751,0.89,0.0
3,8.884093147301687,1.881716996519673,1112.2586269134981,277.7734219359295,0.89,1.1942394509677061,4.074051360374776,4.8260183402043,1.1358339626648495,683.9299663815432,140.2334932854949,0.5802,1.336719184151048,3.311552645425583,2.358798482957492,0.5323170623531336,0.83802,0.0
4,4.647632857105251,0.7949056435543492,733.9641845219106,136.57012670305403,0.74,1.7829272193032948,5.129809110073712,4.978959931395023,0.9152318327682102,680.1477214865025,131.59992830840775,0.75,1.391553950481445,2.487862396406813,2.36262741696889,0.5695921575327529,0.7,0.0
5,4.6706339948520705,1.1641981134918,959.2008082097333,192.17209939224722,0.77,1.2695242233790383,2.8666046974784356,6.763897400006667,1.4552939551817028,970.6521085138794,191.87612275439272,0.7699,1.0541277690140545,1.579531257827766,3.1413212897149516,0.45935152882787844,0.8899,0.0
6,5.606828399466828,1.0881122937666163,1399.7308092029923,215.9197708469933,1.1,1.4319883618200222,3.842700645055058,5.64863862730548,1.0890278415669556,1316.1657514533263,174.14581838911735,1.2001,1.1751252081486585,3.5402905944486847,1.7679877130662398,0.20263000547000973,1.0001,0.0
7,9.410179489971474,1.9679589184923352,1011.3059699611117,251.93991238349653,0.83,1.2189271592671866,4.319315868587825,5.783151532732598,1.2292625693430121,536.2614279044996,120.14731734544553,0.484,1.4753020486325732,3.284466684691805,2.370263318816889,0.5606045879407253,1.006,0.0
8,7.351642133774599,1.4121872582140456,1626.0114175835888,289.1729855442346,0.6,1.1511483064754393,6.1154294882490925,7.240325113270382,1.2583566394480197,1270.5133656515413,184.1813354064856,0.5299,0.861632089259948,5.1460953269312295,1.6275807631004906,0.7286010243447079,0.4299,0.0
9,6.359986339175225,1.3494585057702762,1059.1521439171834,168.73804668158826,1.2502,1.4187327032746946,3.3776562766010922,6.346697941793169,1.2133634362387329,1039.5065477382473,173.51602512637697,1.2998,0.7532031783550447,2.4731876377376656,2.0365655085447365,0.47921514864816994,1.2298,0.0
10,6.430982560357693,1.5452713894595598,842.7737823028975,175.04698960689143,0.2099,2.8043786790390133,4.795785971601939,6.340751168863517,1.502482279579936,831.4879977434945,172.330619954454,0.2701,1.9217119739845026,2.734844704793276,1.4614002033949478,0.4487768998432368,0.3301,1.0
11,5.353570647601675,0.7903922336744853,922.7000928515808,141.29458505142972,0.46,1.602317359184664,19.92590425280426,4.666993616446239,0.706691076995068,827.1776565553,114.89384314585297,0.43,1.5877317279909344,8.785112485953608,2.1323467074964393,0.7091560801664685,3.98,0.0
12,8.884093147301687,1.881716996519673,1112.2586269134981,277.7734219359295,0.89,1.1942394509677061,4.074051360374776,5.406441713715849,1.1838528677515527,609.4736076655277,130.76154424996054,1.0699,1.5073003451145326,5.542013088752579,2.6628790684360673,0.465173427856155,0.72804,0.0
13,8.884093147301687,1.881716996519673,1112.2586269134981,277.7734219359295,0.89,1.1942394509677061,4.074051360374776,5.42922104510852,1.241450448601544,470.95268075200016,97.70595975862115,0.7098,1.3915176795901056,4.252290125220945,2.2656339575326156,0.4566814635923134,1.01194,0.0
14,8.056535765668459,1.6840414828144517,1142.100944551466,257.95243325299714,0.9319999999999998,1.1036912707774493,4.33024039613872,6.165552016030772,1.461820302258438,464.3859923880487,115.42480013082886,0.29,2.278815158605161,1.4934411517458783,2.3680680775638416,0.45400220939034075,0.9959200000000001,1.0
15,8.056535765668459,1.6840414828144517,1142.100944551466,257.95243325299714,0.9319999999999998,1.103691270777449,4.33024039613872,5.058854541327223,1.2007897390192246,577.4642217257774,126.0891211423327,0.4798,0.8239771663194178,0.672209197355351,2.6141836438779427,0.5442206518871507,0.72608,1.0
16,4.640838395040186,0.7241352139909479,602.2568823773656,131.04887790945622,0.85,0.7838960015435984,6.550914134141465,5.649896725746915,0.8504093234744166,569.5675663078923,125.6900978594718,1.0101,0.8718351316457685,2.3565771917730785,2.661317825116018,0.4688790100436543,0.9801,1.0
17,7.3628954803425986,1.3693734824277997,950.8630662880128,212.9309380719638,0.67,2.7591424226536527,3.6197706212444203,6.697152969798143,1.4020558077103105,947.4676400081113,202.08415491434516,0.7599,2.222290405477077,1.1466653917251903,1.552920169833723,0.6157474277962047,1.2899,0.0
18,3.2589772120943525,0.7475351584249911,607.3161640852092,144.993179217565,0.5599,1.8748963610958234,2.065654177788416,4.118108744117596,0.9317608123027358,578.6391794238774,155.86892709434125,0.5201,1.5065380919533142,1.6183425306354593,3.1230777336663738,0.5806043996626562,0.6701,0.0
19,4.00104546182092,0.7750432766578335,450.7905981684424,121.24376436520592,1.46,1.2130717895530625,4.036490705387243,3.2258301404152574,0.692403851381702,441.7085256033414,116.24848009550742,1.6599,1.0803165546032671,3.587536665833556,2.2228735916854174,0.36718382579107184,1.9799,1.0
20,8.884093147301687,1.881716996519673,1112.2586269134981,277.7734219359295,0.89,1.1942394509677061,4.074051360374776,5.729198408647605,1.3807455368294266,576.3461541701296,139.86022422864028,0.4501,0.8168475710917398,0.6047204864858078,2.6141836438779427,0.5442206518871507,0.72608,0.0
21,8.884093147301687,1.881716996519673,1112.2586269134981,277.7734219359295,0.89,1.1942394509677061,4.074051360374776,5.237357068067897,1.316584939291709,601.968572326855,144.42821567023614,0.4698,1.786923637055501,3.829427357259906,2.6628790684360673,0.465173427856155,0.72804,0.0
22,8.884093147301687,1.881716996519673,1112.258626913498,277.7734219359295,0.89,1.1942394509677063,4.074051360374776,4.5994083409093225,1.1081699969104906,629.964134218259,145.92280950150575,0.5799,2.0663979178567113,6.075252649068018,2.4173700983936177,0.4702293924370064,0.84598,0.0
23,5.044205799772295,0.8963412861989261,1270.8778068764511,241.27284400613414,0.69,1.549256362759081,2.235250685972773,4.931629547962769,0.8878516331626625,1293.6134001789499,234.26733092252604,0.74,1.3789762606707785,1.4320340998627572,3.1038432433700303,0.5074416410519755,0.87,0.0
24,8.884093147301687,1.881716996519673,1112.2586269134981,277.7734219359295,0.89,1.1942394509677061,4.074051360374776,7.819279593757084,0.8972010365535035,420.19566923643805,115.1061019246283,0.0498,1.7798770632574477,5.2443361883795845,2.367754993611329,0.41754610643716594,1.33394,0.0
25,8.884093147301687,1.881716996519673,1112.258626913498,277.7734219359295,0.89,1.1942394509677061,4.074051360374776,7.1349282570585615,1.0647634722035244,363.4804139051693,84.98974899777828,0.15,2.3634910890071876,3.6588837402706638,2.611457039487126,0.36807636257753473,1.3599599999999998,0.0
26,7.4284196615754725,1.6342656037386318,844.9146767425211,212.79680717681265,0.1101,1.9378108478147826,2.700016095864865,6.713931807057933,1.4724752048793845,782.5353934835305,195.31711059783237,0.09,2.974150455860245,4.365794469731371,2.536177014219859,0.6173766115290629,0.53,0.0
27,5.917248864317008,1.1062056057271872,1291.7681326547415,241.68728135873567,0.48,2.69483689047467,2.503107442806058,5.508752286505392,0.989615292076288,1356.1172145088697,198.9660889149144,0.57,2.5584762421617544,1.9924001656405959,2.485471694507428,0.44359337337768245,2.25,0.0
28,5.458840047959803,0.884781137784798,1264.9401466086022,195.29092482083485,1.26,1.8983469400006985,9.094026736145343,5.350683463022756,0.8956155212305318,1262.8873096202194,151.9347563165897,1.3999,1.5637485322167206,7.402551239311952,3.1411930652131104,0.3756600317384606,1.4799,0.0
29,6.082276549893625,1.133085846676572,802.3577190668702,170.0097059525506,0.6,1.6938915047258245,6.651346975816656,5.602862667248299,1.02099810790227,750.6731001606306,161.8823193094048,0.68,1.0284497624657079,6.9294966466725505,3.138877699303485,0.5231318469666641,0.94,0.0
30,8.884093147301687,1.881716996519673,1112.258626913498,277.7734219359295,0.89,1.1942394509677061,4.074051360374776,6.221897326673372,1.4786950920822322,511.31885896329044,129.38676994647602,0.32,0.3862173202676111,0.6880586829883832,2.4697489945608577,0.5684465235105995,0.73404,0.0
31,8.884093147301687,1.881716996519673,1112.2586269134981,277.7734219359295,0.89,1.1942394509677061,4.074051360374776,4.921901065064903,1.21164432688455,535.0181268045526,138.25019915700662,0.7398,1.2012492421930578,2.3934444793672673,2.3744872782970736,0.5788150577042985,0.84206,0.0
32,9.006118279332851,1.99836731527665,949.9847403632389,286.77334740958275,1.08,0.8883338016171052,3.5246464179208745,6.267072662124364,1.1937777734031039,486.39632824726107,122.43220713922508,0.34588,1.5035516703561609,3.1628300896531614,2.591307679568576,0.5265751129437102,1.15794,0.0
33,4.913041184484379,0.9709195286604562,1319.4303592623182,216.91743711193251,0.44,2.337008115135885,4.181695376361223,4.9859490352404015,1.1755669631568653,1299.1860452291276,194.20689908181495,0.57,1.8702446871375373,1.541179064679996,2.6922268029756737,0.5228442070983713,1.14,0.0
34,6.161804105914733,1.1394984993105344,1483.336004848034,248.94558084793414,0.2499,2.1394900237531203,7.555474904726067,4.290067977460691,0.7886680478818433,356.0072908648727,82.93981788072678,0.4401,1.2792468763729221,2.3268159458167785,3.13606098667237,0.23475582430928607,2.1301,0.0
35,8.884093147301687,1.881716996519673,1112.258626913498,277.7734219359295,0.89,1.1942394509677063,4.074051360374776,5.719910881777841,1.479998292156763,497.02048342478105,121.61159854035309,0.24,2.2575954234602533,3.7475011267078564,2.4697489945608573,0.5684465235105997,0.73404,0.0
36,8.884093147301687,1.881716996519673,1112.2586269134981,277.7734219359295,0.89,1.1942394509677061,4.074051360374776,4.194327121314816,0.9669747815929938,531.778024483715,96.50949918112529,0.8002,0.7010896332744141,3.370591943518973,2.4697489945608573,0.5684465235105997,0.73404,0.0
37,4.887874177058893,0.8832482497437769,893.1871480409985,153.21804830395158,1.08,1.2172532994903784,7.525421062577608,4.730309151402689,0.8284440053980023,827.8394409605345,128.76164251397913,1.15,0.42963978732834224,3.058264946490222,3.1398671032872265,0.6850676147508231,0.97,0.0
38,8.88079740710798,1.9071897492959835,1239.8650282782155,283.8166063512929,0.33,1.053757915356391,4.192889405521742,5.424187098753988,1.2712834620783775,575.5287372178433,128.50319658215773,0.62994,1.2817356332357597,3.524668379929479,2.895448477176027,0.5858565662316084,1.11198,0.0
39,4.34556025582036,0.6938232386900718,543.2002234322891,140.57700191864978,0.91,1.1161447450069224,5.044636391241813,4.291756127682098,0.6624001810002736,519.9014577387859,130.55400040342553,0.9001,1.0580923402032927,4.389651377977367,2.746314613671289,0.5245066300896393,1.0701,1.0
40,5.906567025488195,1.126393574857644,1240.4633999819587,250.48023365279127,0.42,2.988704357035363,7.9171574462021805,5.999935488946979,1.123632141029135,808.6517155287759,125.89964934816291,0.38,1.80783990098898,3.0264518150729107,3.1243367960949033,0.999561956562457,1.28,0.0
41,8.340486158830787,1.5339499995910575,1413.0251718496665,263.26911001135943,0.59,1.8572842793063966,6.894576529777154,8.525042218418072,1.4967846952547066,1406.5264262873013,263.73326645561957,0.5899,1.6064766631354586,6.380568520096652,1.5808267137367915,0.7365774574432563,0.7899,0.0
42,8.884093147301687,1.881716996519673,1112.2586269134981,277.7734219359295,0.89,1.1942394509677061,4.074051360374776,4.655759012684098,1.3342673206628037,543.3182741466447,95.78276401590742,0.57,1.1644067148273147,1.0607753398197861,2.671711873121551,0.5128794396566954,0.8380600000000001,0.0
43,4.549621200138091,0.8630399999674588,1307.0942602176438,182.10803794637536,1.0099,0.7311782018503901,9.094876056633485,4.648997348683635,0.6849294890551989,733.8090399403366,127.4382854374531,1.1,0.8502345112670144,5.666396173949604,3.1406078948941594,0.3891018831726384,0.89,0.0
44,8.884093147301687,1.881716996519673,1112.2586269134981,277.7734219359295,0.89,1.1942394509677061,4.074051360374776,6.3435808817261705,1.3676315501218073,478.4092981032896,128.3932092054454,0.2699,1.6350584229015035,2.6490129696557894,2.2912090977415227,0.4499015676275861,1.04796,0.0
45,8.884093147301687,1.881716996519673,1112.2586269134981,277.7734219359295,0.89,1.1942394509677061,4.074051360374776,6.485709870696821,0.9975178785170566,484.1665816815095,114.83822017599138,0.0498,0.5221810762880393,0.3922261004686648,2.37032216192979,0.48814602445202676,0.8299800000000002,0.0
46,4.4537830476327676,1.1679354593484632,1092.7074839124011,218.7352956504329,0.5701,0.6096505265878216,1.5284166394671757,3.8449336716372713,1.1050826277477737,752.2694990617996,155.07584325186147,0.48,1.0203330613049364,1.4151885054379938,3.0516419659871543,0.9181913089884137,0.83,1.0
47,10.267019924309544,1.7675473625128022,1057.7291246502848,205.9610366118704,0.4099,1.2095455609296382,4.768123306584556,9.215181359101658,1.339496524698926,970.3281877895843,155.43703597142144,0.4601,0.5393399203605861,3.9276510234568858,3.125414823061628,0.3447473567914164,0.5301,1.0
48,6.034555533648481,1.2054254500662887,1310.1645299860843,219.15999193830058,0.75,1.6274591422850382,4.444232054832124,4.605081542867812,0.9083812123706453,1371.6103173760255,192.45157722970666,0.7999,1.7240283392801004,3.06120994497571,2.257748401084,0.30327960910929597,1.0399,0.0
49,6.335006477038711,1.2517788566539991,739.319194407678,206.57155908818828,0.63,1.004178692148249,4.809334426787732,6.511351599246974,1.3689195614590002,747.2210515928004,208.18270804708612,0.78,1.183892952408856,6.524642050371327,3.135646045952803,0.3537995408108215,0.78,0.0
50,7.169272452275317,1.1841260442584634,649.2737220647215,182.50837229762854,0.9499,1.5350982287423944,5.686424905009726,7.082824588951862,1.365296127569214,648.7416418567358,190.25996724345205,0.9,1.1708729945011858,4.410873015720345,1.4382301605943373,0.6767765684716489,1.49,0.0
51,5.561080219013798,1.2204377675582534,915.7680525024142,179.35503076516457,0.65,1.1791281381999597,5.704092905420985,4.0895436599238755,0.9692722323619285,832.9769868329405,173.84535426739464,0.48,1.3577567894132891,4.572294467123311,3.140503827416438,0.4487404572084089,0.65,1.0
52,5.799520041816437,0.9119669985618396,1093.3653995520708,179.11315035128968,1.02,1.616321685496938,6.276592139899776,3.578526781265803,0.7575484282748493,1089.362361280153,127.01183758124415,1.0401,0.6343920544684537,3.412624797325034,2.793989477630702,0.6332828551425786,1.1101,0.0
53,8.884093147301687,1.881716996519673,1112.2586269134981,277.7734219359295,0.89,1.1942394509677061,4.074051360374776,5.357041773508657,1.3442674125858551,528.3282071991678,122.38038392964033,0.6002,1.681847221093236,2.848464283844867,2.4697489945608577,0.5684465235105997,0.73404,0.0
54,5.2350910211202795,1.0030643879963321,1322.2631991992123,210.26010753760494,0.9599,0.6626350906358969,6.5745740358143525,5.253791406660842,1.057028206307131,1290.1931492057574,193.6786258825288,0.9901,0.4663184425427592,4.1881811883628695,3.136415584118306,0.7686142182047855,1.2301,1.0
55,8.659353272991213,1.8397922375756461,1423.611879618492,319.04763550791466,0.72,0.7826381485552226,4.679161188777372,5.099091556884758,1.173114771969388,535.0412165233945,119.16134265822977,0.5820399999999999,1.0517403382100015,2.2696351645540385,2.3915018527568117,0.45599378033780835,0.952,1.0
56,5.4578412947613595,1.0392392171109897,665.4975536587455,174.69200799579332,1.0199,2.0102324092836765,7.776218287629051,5.753813411380197,1.2964089635393046,695.2833943202838,171.51308810348957,0.8901,1.1828352926933008,2.962789680179601,1.5839675977505174,0.6164357913225222,0.8701,0.0
57,8.621364658380294,1.5166252925311985,1501.6105993977533,252.36677963506702,0.69,1.6179455477299118,5.594199769416489,7.58214965306515,1.253756592075733,1399.1487938400153,212.47432699972617,0.6999,1.7160440780956616,4.201111245684382,2.3171779884855184,0.33674599794985416,0.7699,0.0
58,8.27474463373076,1.408229903087482,1365.4392271877934,218.38019251055454,0.82,0.29815643972177125,4.0022918269009,8.15694248813715,1.136977553854786,1286.3318279113994,163.62385503740742,0.84,0.40525353017769644,4.490267968974635,1.8956882963358321,0.44229923837017493,0.72,0.0
59,8.884093147301687,1.881716996519673,1112.258626913498,277.7734219359295,0.89,1.1942394509677061,4.074051360374776,4.157517621472377,1.0212719876714604,607.4557235528782,136.4459339304596,0.7899,1.6374030690738233,2.427547308162948,2.6628790684360673,0.465173427856155,0.72804,0.0
60,6.038231192882779,1.2269121852743157,985.068109222886,199.36371204969072,0.89,2.2693029090277137,5.588061370400213,5.4580966636504185,1.067981247421034,708.0546530826371,152.6885360416461,0.92,1.7614211575392134,3.263140786048458,2.9453330849670962,0.4091040006085119,1.49,0.0
61,6.311074965849484,1.3664490382257493,1262.895249115327,272.9112084200263,0.49,2.5516372242764627,5.793451358790797,6.409664932667796,1.2596632102962795,1259.7257102023596,252.69176625077742,0.4499,1.6231517488002578,3.5272780563499753,3.123681359086361,0.7081084905780185,0.3999,0.0
62,2.3961998147209957,0.7153058045034746,496.31525388308114,151.64108428768776,0.12,2.7396199019310115,3.882797055193566,2.2144651424160937,0.6106691098044834,494.9112066629588,125.54425913034044,0.01,1.3502571618912023,0.7498541444355518,1.6515034323125528,0.7467144293131757,0.46,0.0
63,5.428128600219405,0.8276646006769365,1141.7399463410936,190.7718896216861,0.51,0.9902001909374453,3.635847639028678,5.348495824538382,0.8177006003430598,1213.19672774316,204.45306464962354,0.4999,1.8696512305581148,2.149814959110982,3.1408498706464947,0.8224954461295886,1.3299,0.0
64,6.045589801188441,1.264355350047826,1437.3595369154684,270.56839894468294,0.57,1.4134244479644296,2.531501205374767,5.8303480040589895,1.1054675051471352,961.2397909350169,107.4844198055316,0.63,1.473039379308575,2.2769993519016523,3.139999807764228,0.30342292382368274,0.69,1.0
65,8.056535765668459,1.6840414828144517,1142.100944551466,257.95243325299714,0.9319999999999998,1.1036912707774493,4.33024039613872,4.754221094745322,0.9533821822089092,573.8700262490488,137.7823694880754,0.84,1.1359439758410455,5.047294174631425,2.6141836438779427,0.5442206518871507,0.72608,1.0
66,8.884093147301687,1.881716996519673,1112.2586269134981,277.7734219359295,0.89,1.1942394509677061,4.074051360374776,4.9645332383545036,0.9420019305517399,676.2110871280156,119.55146818309683,0.88,1.1580309757393301,5.397499359095208,2.489869015258102,0.47217702778620857,0.744,0.0
67,5.19069430197838,0.8238077790046059,823.2633502576955,119.502210138105,1.4499,2.9188147564103697,13.576755686523072,4.064123568178345,0.7994413136405805,730.4100782114369,105.52061465609142,1.4601,2.6595896754749155,9.963838139455993,2.7352095103665026,0.3288407122559911,1.2801,0.0
68,9.057378155212922,1.9224079162629386,1409.3261518303502,306.439327186269,0.51,0.4859287737489876,4.234095306306578,5.402469173658015,1.2162594633166008,527.5248189005542,121.29477074892552,0.60404,1.173541044256355,2.3845167010503987,2.281663797672956,0.4291705818418395,0.9980399999999999,1.0
69,8.884093147301687,1.881716996519673,1112.258626913498,277.7734219359295,0.89,1.1942394509677061,4.074051360374776,4.9947331130912955,1.0435204449867892,634.8662766015902,112.42292805549303,0.7702,1.4152491874061834,1.9904015903035184,2.6022495496685285,0.4487925102492271,0.68798,0.0
70,6.140641174310487,1.2143581020244156,806.9881496504048,162.46960207207445,0.7301,0.9404135090939009,3.891918123137097,6.323958450679166,1.423176571104195,800.3077854935269,172.4294916258221,0.83,0.7580483903768529,2.7022920971758193,1.859719011996033,0.22206466406823375,0.98,0.0
71,4.911617449712325,1.118377954633244,1718.3981389880514,353.8596685288994,0.42,0.9507273425431922,0.9538016795444266,4.872272884141213,1.1947429151975806,1243.0244609424847,163.24806777739664,0.42,1.1146385214676113,0.8715035770147856,3.1415598473105506,0.2602086265142106,1.1,1.0
72,6.556415875883073,1.3154493835794894,1145.7841711719757,213.60910849476815,0.95,1.0776685619930488,3.6411710623675804,5.504605597956468,1.2754588340672357,530.9493834193096,125.73679681129993,0.48599999999999993,0.9887658756086408,1.7331285124479208,3.0210313166829263,0.5688948205162786,1.0599399999999999,1.0
73,8.884093147301687,1.881716996519673,1112.2586269134981,277.7734219359295,0.89,1.1942394509677061,4.074051360374776,5.946598264985488,1.210399984844691,541.0165429546988,145.08302806308885,0.1998,2.7381837635152215,4.336478428671792,2.6688021385678384,0.5455930517741947,0.88408,0.0
74,0.4849409567919551,0.1074674032793609,225.47255225705743,51.896165817598664,0.02,0.735482368444976,0.329310756095223,0.4835739258191573,0.10788746090653967,223.78680009886403,51.991751539973556,0.03,0.19387182728322785,0.01885890840229265,0.9663145818128905,0.14158233886953664,0.69,1.0
75,8.884093147301687,1.881716996519673,1112.2586269134981,277.7734219359295,0.89,1.1942394509677061,4.074051360374776,4.438381083286825,1.053831834653907,629.4572697712383,121.2197550317201,0.82,1.7831677653245608,1.6113917746000541,2.6022495496685285,0.4487925102492271,0.68798,0.0
76,8.884093147301687,1.881716996519673,1112.2586269134981,277.7734219359295,0.89,1.1942394509677061,4.074051360374776,5.711215205181102,1.1826982383290583,494.1960363695141,107.17663963460407,0.9102,1.3100931635061823,3.944999626000774,2.4697489945608573,0.5684465235105997,0.73404,0.0
77,6.620153622695347,1.2604717289770708,1700.6934800340036,253.10929031679106,0.67,2.0066970860316937,6.4665101044799,6.27456816875926,1.0526523181041603,1705.368647516417,195.0973659738728,0.7201,1.292790091246316,2.9414660826855155,2.4972317069832255,0.4862205693078473,0.5001,0.0
78,6.316191403131138,0.8815095948290319,1264.5149880043155,173.78969528052895,0.98,0.5499903476592218,8.768434368290853,4.180512878135264,0.6353115396911292,815.6842890887773,119.96723539331947,0.9299,0.7966499034122585,4.050675731485066,2.6288597632255666,0.8406674641419696,0.8899,0.0
79,3.5057349353638667,0.6590955706595677,1131.6768439382622,186.24942176246805,0.5,0.9618650897837021,6.300211261397072,3.4217379569332484,0.6400067108890265,422.5434044394788,107.60253879868866,0.3699,0.8346743059231301,3.759443971861815,3.1306095127828857,0.5450098389034124,0.8099,0.0
80,5.415331138850643,1.2633829344877587,1328.6517098950922,237.53450480492089,0.46,1.777719025721523,4.465180859375527,3.789210730084943,0.5888732103838706,1301.8028044815464,171.44383355456623,0.55,1.8321938898998331,4.281657432541193,1.8711251391583532,0.3547469186535778,0.82,0.0
81,8.884093147301687,1.881716996519673,1112.2586269134981,277.7734219359295,0.89,1.1942394509677061,4.074051360374776,1.3929393135233552,0.3221713375490591,468.57921553972403,129.61136038779753,0.4102,2.3627911885069928,7.112413616594139,2.3680680775638416,0.45400220939034075,0.9959200000000001,0.0
82,8.38348550212825,1.69523156381391,1224.6371979576859,261.97833418835864,1.18,1.3227780191612484,3.724933348564282,5.317498499907162,1.2169675234099078,574.5080909849845,130.90985764353698,0.49998000000000004,1.9804110603329506,4.481039169477548,2.9167095022805607,0.6238074592027749,0.8479600000000002,0.0
83,6.599352034283608,1.3745989581618492,720.4765501754008,198.7261826925375,1.65,1.9532937103227999,4.777458554654243,5.3460703416434985,1.228009905371098,522.8761477770515,119.40063477372894,0.56396,1.1898259474731396,2.445974800894433,2.3797178106502868,0.4263761535347797,0.8779600000000001,1.0
84,8.056535765668459,1.6840414828144517,1142.100944551466,257.95243325299714,0.9319999999999998,1.103691270777449,4.33024039613872,5.322503011005656,1.2826068547673743,527.7078177703826,120.00092334878659,0.5002,0.3188757570099691,0.7646393555185661,2.4697489945608573,0.5684465235105997,0.73404,1.0
85,4.966032058104323,1.0029489008123802,1022.7536607377215,174.8063409108931,0.66,1.248672196868707,4.25126681892384,1.1705668042236363,0.24497447007931022,291.9063350536057,60.957664861919014,0.4701,2.6646679426931685,1.1983484065142085,2.870013661691543,0.49936571001501967,0.5901,1.0
86,7.214283284214325,1.4275620034134873,1585.8158724860975,319.0178220922694,0.6799,1.5983725965822875,2.7846817192355497,6.498005520632529,0.9957834401089027,1386.247135800753,168.12575609912352,0.7399,1.986871204870546,2.8309518958896853,2.4803741373675097,0.29995523352733344,0.8399,0.0
87,5.846826988342455,1.2265389453618176,1069.8872079385903,241.01293372376472,0.83,1.605775624682359,5.660806799473732,4.158156867886604,0.7874828837353712,866.0996716586067,181.54652890183743,0.9501,0.8586711161778441,2.6926647275893054,3.0723269291775512,0.7252030254811221,0.9901,0.0
88,5.810402346641579,1.4268643197682958,1477.3096981347144,283.0974589680046,0.49,1.4682030699769566,5.516477529996953,5.087435034595592,0.8740600476717658,694.8904168030307,143.77750563574818,0.4801,1.0753377242068711,4.044467394717071,1.7834437671251495,0.6684666981629627,0.3801,0.0
89,6.590897813188761,1.296985540450015,1178.5295120017854,212.79963168375812,0.4001,0.90589500419428,2.0728461290585187,5.97513210288444,1.059238692978752,497.8314624582029,105.2287471573896,0.76,0.8680023890236455,1.028181105177194,3.137626406434936,0.41703633907516,0.44,0.0
90,6.439053835646464,1.043092563737103,1252.0237201114915,212.19689432723487,0.88,2.4962269624640854,3.8226505508555606,6.615327431649933,1.2451268175998083,1240.198537104534,199.84426722379644,0.8099,1.5572179826269914,2.6214508770148996,2.591776820030096,0.6333478382335149,0.9299,1.0
91,8.884093147301687,1.881716996519673,1112.2586269134981,277.7734219359295,0.89,1.1942394509677061,4.074051360374776,4.648380088091017,1.0193028876458134,606.3576654129201,125.67511515889062,0.7199,0.9002506696159344,2.6454050419142403,2.6628790684360673,0.465173427856155,0.72804,0.0
92,7.0075850627339875,1.2574783312958782,1023.862937727558,204.70711652733723,0.8,1.3197253515314822,3.057007626615913,7.877976394199494,1.468389032444593,1023.2123123289126,206.18842128130066,0.7799,1.445755849639043,2.171131572619147,1.155321587044447,0.7082211290263714,0.7299,0.0
93,8.805014119521626,1.4045788072639418,1083.450234390491,204.23166088782807,0.6699,2.6332339734100545,4.6259924879418515,8.812264358689038,1.4436828984580616,1063.7239805612924,206.62526600452546,0.6701,1.6084185667486357,3.0681623521755856,2.3318406845418544,0.6882413959278019,0.9401,1.0
94,5.3992206577734425,0.5794838865609492,1408.9180577846146,147.82248609326234,0.9901,1.3223715605794468,24.955570436082603,5.236619825252892,0.5693634366299029,1435.3785581504296,147.59295504292066,1.03,0.4803595046111755,14.998289594369734,3.1144751604001684,0.44848723558547554,0.97,0.0
95,5.686771706388548,1.1597479859444368,712.334841706606,174.11054660486863,1.14,1.1251387083169029,8.419884192024087,3.3547304599488332,0.7211993347862344,665.1057114913523,139.3180807287213,1.6699,0.7501046620493437,5.203851399783494,3.118620547975808,0.39798666413891803,0.7499,0.0
96,8.884093147301687,1.881716996519673,1112.2586269134981,277.7734219359295,0.89,1.1942394509677061,4.074051360374776,5.657781921532788,0.9963410859313963,506.76593970822216,135.84324469058504,2.2301,1.2767794425926429,5.2410915635930255,2.4697489945608577,0.5684465235105995,0.73404,0.0
97,4.677682298696175,1.0225850646774377,589.4639979700075,161.04344427543347,0.07,1.47231385644557,2.1551001493384208,5.44303312090886,1.282035415018297,598.8881369662871,164.09247506432942,0.05,0.37307012721049504,0.1848916660179075,2.34534643917728,0.5515441104780557,0.1,0.0
98,6.125597754233765,1.139587050387289,906.689898326576,196.66555205675414,0.3201,1.1354401593129877,6.708447004992618,6.49343496742124,1.0493443450027469,871.02332460595,176.65425054849146,0.2199,0.2191896765367206,2.6253152953449757,3.136768929578497,0.46924801667563004,0.7599,0.0
99,6.7087738056194794,1.2817466724103384,946.305397760138,206.25870063836092,0.2399,1.8797750063308933,3.671927879047249,7.615557847169226,1.5845828523220846,928.5797980932374,199.37427288781436,0.14,2.69234079854964,4.837899371712888,2.1801949237486133,0.6794245908103258,1.36,0.0
100,4.236784284353437,0.9765049407621446,1166.8247347703307,244.28233243324783,0.7701,1.6678365162158202,3.31419332470734,4.477905229744724,1.0093002152247166,1164.3783180367614,246.4261689721491,0.9599,0.9950842806954341,1.8904073621291022,3.121326339367107,0.3657400690900097,1.0299,0.0
101,6.324294605266517,1.50500661162414,1213.214012462492,276.79134340430363,0.1201,1.4492209436886783,1.098785893101127,5.174015723875561,1.096904858980667,638.0379690440509,135.70908185629818,0.11,1.297238938590725,0.7048044686051945,2.6399092928214123,0.2705773695879084,0.76,0.0
102,8.739885057967873,1.8398374357194858,1135.5001980072382,304.3589093469167,1.03,1.4874003594365999,4.608471761279156,5.424187098753988,1.2712834620783775,575.5287372178433,128.50319658215773,0.62994,1.2817356332357597,3.524668379929479,3.004566186757632,0.5393496224445228,0.8100000000000002,0.0
103,5.044756297383361,1.0081904368440398,1189.3157369615396,183.58598886799373,1.39,1.0903732659248608,8.774590245166124,4.9711250310623845,0.8160636255887241,800.1997969947706,132.4844894693793,1.75,0.9106128082438619,5.4181337070376685,2.5747444541832074,0.694192409383222,1.69,1.0
104,8.884093147301687,1.881716996519673,1112.2586269134981,277.7734219359295,0.89,1.1942394509677061,4.074051360374776,5.5644115264358165,1.3129067168536896,498.63650749894447,118.54277995601059,0.53,2.315718794858426,3.7291232836916866,2.4697489945608573,0.5684465235105997,0.73404,0.0
105,4.711661801205807,0.9459770794812856,1510.9866786717312,203.54712029623778,0.7398,1.7553499381979636,6.118387258118679,4.628518361142941,0.9878471358529951,1486.8684790008356,200.28891181987345,0.6998,1.0141799135612182,2.887958866699649,1.6273302024285419,0.6018912388354528,0.8398,0.0
106,4.383729682816057,0.8995368703002128,767.7324531431717,158.47872845796078,0.9,1.1700641410975665,5.825079588092055,3.6368327988109983,0.7310418430824138,471.52206091129085,141.57530003331976,1.0698,1.232891241478033,3.2759700553416735,1.6977274446034165,0.19406661386888382,1.2898,0.0
107,4.930053893081513,0.9350454984882731,689.560648777288,141.3926041891655,0.93,0.8853123726355256,6.4479422243197595,4.483401902610124,0.9640943260960876,645.8942255440988,136.28343467947207,1.02,0.554873439206004,3.535395750952076,2.5447440513992516,0.4542622495085005,1.13,0.0
108,8.884093147301687,1.881716996519673,1112.2586269134981,277.7734219359295,0.89,1.1942394509677061,4.074051360374776,5.710769661341235,1.3039893408473147,450.2895358122372,138.34737428926715,0.3398,2.2010977450901854,0.8535794162095627,2.3680680775638416,0.45400220939034075,0.9959200000000001,0.0
109,6.501421095793132,1.1427913140818717,826.7512930408185,195.47337813060574,0.5901,2.230379117788583,7.47596808673914,6.608578481888482,1.41989422479161,772.2627435325793,156.9071732536949,0.7399,1.2436072351968228,4.743618488745539,3.1277144448395475,0.3344437834549516,0.5499,0.0
110,8.884093147301687,1.881716996519673,1112.2586269134981,277.7734219359295,0.89,1.1942394509677061,4.074051360374776,4.332844787250153,0.9320787836337383,620.6369822354106,128.84916718586962,0.51,1.7198416846697657,3.736369342874614,2.7543396130080255,0.4509949586752078,0.682,0.0
